{
  "sidebar": {
    "profile": {
      "name": "Vishal Makwana",
      "subtitle": ["Web Developer"],
      "available": true,
      "avatar": "/images/bitmoji/vishal.jpeg"
    },

    "about": [
      { "id": 1, "title": "Residence:", "subtitle": "India" },
      { "id": 2, "title": "City:", "subtitle": "Surat" }
    ],

    "skills": {
      "languages": [
        { "id": "1", "language": "English", "level": 100 },
        { "id": "2", "language": "Hindi", "level": 100 }
      ],
      "hard": [
        { "id": "1", "skill": "HTML5", "level": 85 },
        { "id": "2", "skill": "CSS3", "level": 40 },
        { "id": "3", "skill": "JavaScript", "level": 70 },
        { "id": "4", "skill": "ReactJS", "level": 60 },
        { "id": "5", "skill": "NodeJS", "level": 60 }
      ],
      "soft": [
        "React Hooks, Redux, jQuery",
        "MySQL, MongoDB, PostgresSQL",
        "Bootstrap, Material UI, Semantic UI, Wordpress",
        "Express, EJS, Mongoose, Passport",
        "Git, GitHub",
        "Bash, Zsh",
        "Java, C, C++",
        "Unreal Engine, 3Ds Max",
        "Photoshop, Sony VEGAS, Excel"
      ]
    },

    "strengths": [
      "Communicating",
      "Team oriented",
      "Organizational",
      "Logical thinking",
      "Detail oriented",
      "Flexible",
      "Caring",
      "Dedicated",
      "Punctual",
      "Focused",
      "Loyal",
      "Adaptable",
      "Tech savvy"
    ],

    "resume": {
      "text": "Download Resume",
      "url": "/files/resume.pdf"
    },

    "social": [
      {
        "id": 1,
        "platform": "github",
        "favicon": "fab fa-github-square",
        "fancybox": null,
        "url": "https://github.com/VishalMakwana23"
      },
      {
        "id": 2,
        "platform": "linkedin",
        "favicon": "fab fa-linkedin",
        "fancybox": null,
        "url": "https://www.linkedin.com/in/vishal-makwana-a91843198/"
      },
      {
        "id": 3,
        "platform": "facebook social-unavailable",
        "favicon": "fab fa-facebook-square",
        "fancybox": null,
        "url": "https://www.facebook.com/"
      },
      {
        "id": 4,
        "platform": "snapchat",
        "favicon": "fab fa-snapchat-square",
        "fancybox": "snapchat",
        "url": "/images/bitmoji/snapchat.png"
      },
      {
        "id": 5,
        "platform": "discord social-unavailable",
        "favicon": "fab fa-discord",
        "fancybox": null,
        "url": "https://discordapp.com/"
      }
    ]
  },

  "navbar": [
    { "id": 0, "title": "Home", "subMenu": false, "path": "/" },
    {
      "id": 1,
      "title": "Projects",
      "subMenu": [
        {
          "title": "Projects",
          "subtitle": "2 Columns",
          "path": "/projects-2-col"
        },
        {
          "title": "Projects",
          "subtitle": "3 Columns",
          "path": "/projects-3-col"
        }
      ]
    },
    { "id": 2, "title": "History", "subMenu": false, "path": "/history" },
    { "id": 3, "title": "Courses", "subMenu": false, "path": "/courses" },
    {
      "id": 4,
      "title": "Blog",
      "subMenu": [
        { "title": "Blog", "subtitle": "2 Column", "path": "/blog-2-col" },
        { "title": "Blog", "subtitle": "3 Column", "path": "/blog-3-col" }
      ]
    },
    { "id": 5, "title": "About", "subMenu": false, "path": "/about" },
    { "id": 6, "title": "Contact", "subMenu": false, "path": "/contact" }
  ],

  "routes": [
    { "id": 0, "title": "Home", "path": "/", "properties": "" },
    {
      "id": 1,
      "title": "Projects",
      "path": "/projects-2-col",
      "properties": "2"
    },
    {
      "id": 2,
      "title": "Projects",
      "path": "/projects-3-col",
      "properties": "3"
    },
    { "id": 3, "title": "History", "path": "/history", "properties": "" },
    { "id": 4, "title": "Blog", "path": "/blog-2-col", "properties": "2" },
    { "id": 5, "title": "Blog", "path": "/blog-3-col", "properties": "3" },
    { "id": 5, "title": "Contact", "path": "/contact", "properties": "" }
  ],

  "backgrounds": {
    "animated": [
      "/images/backgrounds/analysis.gif",
      "/images/backgrounds/calm.gif",
      "/images/backgrounds/circuit.gif",
      "/images/backgrounds/computer.gif",
      "/images/backgrounds/digital.gif",
      "/images/backgrounds/electronic.gif",
      "/images/backgrounds/futuristic.gif",
      "/images/backgrounds/glitch.gif",
      "/images/backgrounds/tunnel.gif",
      "/images/backgrounds/golden.gif",
      "/images/backgrounds/hologram.gif",
      "/images/backgrounds/ink67354.gif",
      "/images/backgrounds/lightning.gif",
      "/images/backgrounds/nebula-blue.gif",
      "/images/backgrounds/nebula-red.gif",
      "/images/backgrounds/night-sky.gif",
      "/images/backgrounds/plexus.gif"
    ],
    "static": [
      "/images/backgrounds/jImj7sEg.jpeg",
      "/images/backgrounds/KGRqezvA.jpeg",
      "/images/backgrounds/MFJPlhIdg2o.jpg",
      "/images/backgrounds/2QUvkQTBh5s.jpg",
      "/images/backgrounds/Q1p7bh3SHj8.jpg",
      "/images/backgrounds/ZwPuquZBnyM.jpg",
      "/images/backgrounds/YDiKIxHdppk.jpg",
      "/images/backgrounds/vaPoJZB9Mzg.jpg",
      "/images/backgrounds/TtN03jUTA70.jpg",
      "/images/backgrounds/vKXp8M9.jpg",
      "/images/backgrounds/cUpp1gAEtiU.jpg",
      "/images/backgrounds/CgsOWepw.jpeg",
      "/images/backgrounds/eKnWjypLFrw.jpg",
      "/images/backgrounds/eKU3JGNCCMg.jpg",
      "/images/backgrounds/srRg8JfQ.jpeg"
    ]
  },

  "main": {
    "banner": {
      "heading": ["hi.", "welcome."],

      "avatar": "/images/bitmoji/vishal-removebg.png",

      "typed": [
        "Hello Wor- No...",
        "I like to make websites.",
        "Also web applications.",
        "I do other stuff as well.",
        "... but mostly not relevant."
      ],

      "button": { "text": "beam me up scotty", "url": "" }
    },

    "counters": [
      { "id": 1, "number": 2, "text": "Years Experience" },
      { "id": 2, "number": 3, "text": "Certificates" },
      { "id": 3, "number": 15, "text": "Completed Projects" }
    ],

    "history": [
      {
        "id": 1,
        "title": "Education",
        "timeline": [
          {
            "id": 5,
            "title": "Master of Computer Applications",
            "subtitle": "Veer Narmad South Gujarat University, Surat",
            "date": "March 2021 - March 2023",
            "description": "",
            "button": "Certificate",
            "url": "/images/certificates/frontendWeb.png"
          },
          {
            "id": 4,
            "title": "Bachelor of Computer Application",
            "subtitle": "Veer Narmad South Gujarat University, Surat",
            "date": "March 2017 - March 2020",
            "description": "",
            "button": "Certificate",
            "url": "/images/certificates/frontendWeb.png"
          },
          {
            "id": 3,
            "title": "Front-End Web UI Frameworks and Tools: Bootstrap 4",
            "subtitle": "The Hong Kong University of Science and Technology and offered through Coursera",
            "date": "Dec 2022 - Jan 2023",
            "description": "This course will give an overview of client-side web UI frameworks, in particular Bootstrap 4. I will learn about grids and responsive design, Bootstrap CSS and JavaScript components. I will learn about CSS preprocessors, Less and Sass.In this course should have prior good working knowledge of HTML, CSS and JavaScript.",
            "button": "Certificate",
            "url": "/images/certificates/frontendWeb.png"
          },
          {
            "id": 2,
            "title": "Front-End Web Development with React",
            "subtitle": "The Hong Kong University of Science and Technology and offered through Coursera",
            "date": "Dec 2022 - Jan 2023",
            "description": "Develop interactive user interfaces (UIs) and web applications using React, JSX, and ES6.Build dynamic websites and front-end applications quickly and easily with reusable React components.Communicate and exchange data with external services using GET, POST, UPDATE, and DELETE requests.Employ and work with various React concepts and features including props, states, hooks, forms, and Redux.",
            "button": "Certificate",
            "url": "/images/certificates/react.png"
          },
          {
            "id": 1,
            "title": "React Native",
            "subtitle": "Authorized by Meta and offered through Coursera",
            "date": "jan 2023 - May Mar 2023",
            "description": "React Native is an open-source framework for building cross-platform applications (apps) using React and the platform’s native capabilities. In this course, I will move from the basics of React to a more advanced implementation using React Native. I’ll review a wide range of different React components and ways of styling them. And I’ll get to practice using different mobile methods of interactivity with React Native.",
            "button": "Certificate",
            "url": "/images/certificates/reactNative.jpg"
          }
        ]
      },
      {
        "id": 2,
        "title": "Activities",
        "timeline": [
          {
            "id": 2,
            "title": "Destination Imagination",
            "subtitle": "Participant",
            "date": "April 2013",
            "description": "Destination Imagination (DI) is a global educational nonprofit dedicated to inspiring the next generation of innovators, leaders and creative problem solvers.",
            "button": "Website",
            "url": "https://www.destinationimagination.org/about/"
          },
          {
            "id": 1,
            "title": "Caretakers of the Environment",
            "subtitle": "Volunteer",
            "date": "August 2012",
            "description": "The CEI is an independent organization established in 1986, embracing secondary school students, teachers and mentors, whose interests are focused specifically on the issues of environmental protection, promoting education, shaping awarness and training within sustainable development.",
            "button": "Website",
            "url": "https://www.caretakers4all.org/"
          }
        ]
      }
    ],

    "projects": {
      "filter": [
        { "id": 0, "category": "All Categories", "dataFilter": null },
        { "id": 1, "category": "React JS", "dataFilter": "reactJS" },
        { "id": 2, "category": "Node JS", "dataFilter": "nodeJS" },
        { "id": 3, "category": "React Native", "dataFilter": "reactNative" }
      ],

      "projects": [
        {
          "id": 1,
          "filters": ["reactJS", "nodeJS"],
          "url": "https://www.frontendmentor.io/challenges/todo-app-Su1_KokOW",
          "title": "Todo app",
          "tags": ["HTML", "CSS", "ReactJS", "NodeJS"],
          "images": [
            "/images/projects/todo-list_1.jpg",
            "/images/projects/todo-list_mobile.jpg"
          ]
        },
        {
          "id": 2,
          "filters": ["reactJS"],
          "url": "https://www.frontendmentor.io/challenges/clock-app-LMFaxFwrM",
          "title": "Clock app",
          "tags": ["HTML", "CSS", "JavaScript", "API"],
          "images": [
            "/images/projects/clock-app_1.jpg",
            "/images/projects/clock-app_2.jpg",
            "/images/projects/clock-app_mobile_1.jpg",
            "/images/projects/clock-app_mobile_2.jpg"
          ]
        },
        {
          "id": 3,
          "filters": ["reactJS", "nodeJs"],
          "url": "https://www.frontendmentor.io/challenges/pomodoro-app-KBFnycJ6G",
          "title": "Pomodoro app",
          "tags": ["HTML", "CSS", "JavaScript"],
          "images": [
            "/images/projects/pomodoro_1.jpg",
            "/images/projects/pomodoro_2.jpg",
            "/images/projects/pomodoro_mobile_1.jpg",
            "/images/projects/pomodoro_mobile_1.jpg"
          ]
        },
        {
          "id": 4,
          "filters": ["reactJS"],
          "url": "https://www.frontendmentor.io/challenges/launch-countdown-timer-N0XkGfyz-",
          "title": "Launch countdown timer",
          "tags": ["HTML", "CSS", "JS"],
          "images": [
            "/images/projects/cooldown-timer.jpg",
            "/images/projects/cooldown-timer_mobile.jpg"
          ]
        },
        {
          "id": 5,
          "filters": ["reactJS", "nodeJs"],
          "url": "https://www.frontendmentor.io/challenges/dine-restaurant-website-yAt7Vvxt7",
          "title": "Dine restaurant website",
          "tags": ["HTML", "CSS", "JavaScript"],
          "images": [
            "/images/projects/restaurant-website_1.jpg",
            "/images/projects/restaurant-website_2.jpg",
            "/images/projects/restaurant-website_mobile.jpg"
          ]
        },
        {
          "id": 6,
          "filters": ["filter1", "filter3", "filter4"],
          "url": "https://www.frontendmentor.io/challenges/rock-paper-scissors-game-pTgwgvgH",
          "title": "Rock, Paper, Scissors game",
          "tags": ["HTML", "CSS", "JavaScript"],
          "images": [
            "/images/projects/rock-paper-scissors_1.jpg",
            "/images/projects/rock-paper-scissors_2.jpg",
            "/images/projects/rock-paper-scissors_mobile.jpg"
          ]
        },
        {
          "id": 7,
          "filters": ["reactJS", "nodeJs"],
          "url": "https://www.frontendmentor.io/challenges/ip-address-tracker-I8-0yYAH0",
          "title": "IP Address Tracker",
          "tags": ["HTML", "CSS", "JavaScript", "API"],
          "images": [
            "/images/projects/ip-address-tracker.jpg",
            "/images/projects/ip-address-tracker_mobile.jpg"
          ]
        },
        {
          "id": 8,
          "filters": ["reactJS", "nodeJs"],
          "url": "https://www.frontendmentor.io/challenges/github-jobs-api-93L-NL6rP",
          "title": "GitHub Jobs API",
          "tags": ["HTML", "CSS", "JavaScript", "API"],
          "images": [
            "/images/projects/github-jobs.jpg",
            "/images/projects/github-jobs_mobile.jpg"
          ]
        },
        {
          "id": 9,
          "filters": ["reactJS", "nodeJs"],
          "url": "https://www.frontendmentor.io/challenges/rest-countries-api-with-color-theme-switcher-5cacc469fec04111f7b848ca",
          "title": "REST Countries API with color theme switcher",
          "tags": ["HTML", "CSS", "JavaScript", "API"],
          "images": [
            "/images/projects/rest-countries.jpg",
            "/images/projects/rest-countries_mobile.jpg"
          ]
        }
      ]
    },

    "courses": [
      {
        "id": 6,
        "title": "6th Semester",
        "timeline": [
          {
            "id": "PRJ666",
            "title": "Project Implementation",
            "date": "May 2018 - Aug 2018",
            "subtitle": "PRJ666 (C)",
            "description": "This is the final course in the systems stream in which students complete the development and implementation phase of their project from PRJ566...",
            "button": "Read More",
            "url": "https://ict.senecacollege.ca/course/prj666"
          },
          {
            "id": "WIN210",
            "title": "Administration of Microsoft Windows",
            "date": "May 2018 - Aug 2018",
            "subtitle": "WIN210 (B)",
            "description": "This course provides students with the knowledge and skills necessary to perform administration tasks on a Microsoft Windows Server operating system...",
            "button": "Read More",
            "url": "https://www.senecacollege.ca/ssos/find/WIN210/current/ce"
          },
          {
            "id": "GAM531",
            "title": "Game Engine Foundations",
            "date": "Sept 2018 - Dec 2018",
            "subtitle": "GAM531 (D)",
            "description": "Graphics accelerators provide developers with powerful tools for displaying visual information...",
            "button": "Read More",
            "url": "http://ict.senecacollege.ca/course/GAM531"
          },
          {
            "id": "GAM537",
            "title": "Game Development Fundamentals",
            "date": "Sept 2018 - Dec 2018",
            "subtitle": "GAM537 (B)",
            "description": "This subject will teach students the principles of game design and give them the opportunity to create a game using an existing game engine...",
            "button": "Read More",
            "url": "http://ict.senecacollege.ca/course/GAM537"
          },
          {
            "id": "UNX510",
            "title": "UNIX BASH Shell Scripting",
            "date": "Jan 2019 - Apr 2019",
            "subtitle": "UNX510 (B)",
            "description": "This course is an intensive look at Linux, from the command level, and at the Bourne Again SHell (BASH). Students will learn how to write, debug, run, and modify complex BASH scripts...",
            "button": "Read More",
            "url": "http://ict.senecacollege.ca/course/UNX510"
          }
        ]
      },
      {
        "id": 5,
        "title": "5th Semester",
        "timeline": [
          {
            "id": "DSA555",
            "title": "Data Structures and Algorithms in C++",
            "date": "Jan 2018 - Apr 2018",
            "subtitle": "DSA555 (A)",
            "description": "This is a survey course on algorithms and data structures commonly used in computer programs. Students taking this course will learn how these classical data structures and algorithms function...",
            "button": "Read More",
            "url": "https://ict.senecacollege.ca/course/dsa555"
          },
          {
            "id": "GAM536",
            "title": "Game Content Creation",
            "date": "Jan 2018 - Apr 2018",
            "subtitle": "GAM536 (A)",
            "description": "This course will explore how content is created both interactively and through coding. Students will learn to create and alter 3D content using both means...",
            "button": "Read More",
            "url": "http://ict.senecacollege.ca/course/GAM536"
          },
          {
            "id": "GPU610",
            "title": "Parallel Programming Fundamentals",
            "date": "Jan 2018 - Apr 2018",
            "subtitle": "GPU610 (C+)",
            "description": "This course teaches students how to read and write programs that use both CPU and GPU technology...",
            "button": "Read More",
            "url": "http://ict.senecacollege.ca/course/GPU610"
          },
          {
            "id": "PRJ566",
            "title": "Project Planning and Management",
            "date": "Jan 2018 - Apr 2018",
            "subtitle": "PRJ566 (A)",
            "description": "Students learn project management concepts while carrying out requirements gathering, analysis, design, and implementation planning for the identified system...",
            "button": "Read More",
            "url": "https://ict.senecacollege.ca/course/prj566"
          }
        ]
      },
      {
        "id": 4,
        "title": "4th Semester",
        "timeline": [
          {
            "id": "DCN455",
            "title": "Data Communications Networks",
            "date": "Sept 2018 - Jan 2018",
            "subtitle": "DCN455 (B+)",
            "description": "In this course, students will learn about the software and hardware systems and technology needed to create data communications networks...",
            "button": "Read More",
            "url": "https://www.senecacollege.ca/ssos/find/DCN455/current/ce"
          },
          {
            "id": "INT422",
            "title": "Web Programming on Windows",
            "date": "Sept 2018 - Jan 2018",
            "subtitle": "INT422 (A)",
            "description": "The course focuses on server-side ASP.NET programming technologies and the C# language...",
            "button": "Read More",
            "url": "https://www.senecacollege.ca/ssos/find/INT422/current/ce"
          },
          {
            "id": "JAC444",
            "title": "Java for C++ Programmers",
            "date": "Sept 2018 - Jan 2018",
            "subtitle": "JAC444 (B+)",
            "description": "This subject will serve as a thorough introduction to Java as an object-oriented and functional programming language...",
            "button": "Read More",
            "url": "https://ict.senecacollege.ca/course/JAC444"
          },
          {
            "id": "SYS466",
            "title": "Analysis and Design Using OO Models",
            "date": "Sept 2018 - Jan 2018",
            "subtitle": "SYS466 (A)",
            "description": "This subject focuses on the practical application of object oriented concepts to the development of business systems...",
            "button": "Read More",
            "url": "https://ict.senecacollege.ca/course/SYS466"
          }
        ]
      },
      {
        "id": 3,
        "title": "3rd Semester",
        "timeline": [
          {
            "id": "DBS301",
            "title": "Database Design and SQL Using Oracle",
            "date": "Jan 2017 - Apr 2017",
            "subtitle": "DBS301 (B)",
            "description": "This subject continues the study of database design and SQL begun in DBS201. Students will learn the entire set of SQL statements using Oracle's DBMS...",
            "button": "Read More",
            "url": "https://www.senecacollege.ca/ssos/find/DBS301/current/ce"
          },
          {
            "id": "INT322",
            "title": "Web Programming on UNIX",
            "date": "Jan 2017 - Apr 2017",
            "subtitle": "INT322 (A)",
            "description": "This subject will provide the student with the skills and knowledge required to create and maintain commercial-quality web sites suitable for database-driven business transactions...",
            "button": "Read More",
            "url": "https://www.senecacollege.ca/ssos/find/INT322/current/ce"
          },
          {
            "id": "OOP345",
            "title": "Object-Oriented Software Development Using C++",
            "date": "Jan 2017 - Apr 2017",
            "subtitle": "OOP345 (A+)",
            "description": "This subject expands the student's skill-set in object-oriented programming and introduces the student to threaded programming...",
            "button": "Read More",
            "url": "http://ict.senecacollege.ca/course/oop345"
          },
          {
            "id": "SYS366",
            "title": "Requirements Gathering Using OO Models",
            "date": "Jan 2017 - Apr 2017",
            "subtitle": "SYS366 (B+)",
            "description": "This subject focuses on the techniques and tools involved in gathering requirements for business systems that will solve business stakeholders' processing problems...",
            "button": "Read More",
            "url": "https://ict.senecacollege.ca/course/sys366"
          }
        ]
      },
      {
        "id": 2,
        "title": "2nd Semester",
        "timeline": [
          {
            "id": "DBS201",
            "title": "Database Design and SQL",
            "date": "Sept 2016 - Dec 2016",
            "subtitle": "DBS201 (A)",
            "description": "This subject introduces students to relational database design and SQL (Structured Query Language) used with relational databases...",
            "button": "Read More",
            "url": "https://www.senecacollege.ca/ssos/find/DBS201/current/ce"
          },
          {
            "id": "INT222",
            "title": "Internet Fundamentals",
            "date": "Sept 2016 - Dec 2016",
            "subtitle": "INT222 (A)",
            "description": "This subject introduces students to Internet architecture and software development principles, using the World Wide Web as the system example...",
            "button": "Read More",
            "url": "https://www.senecacollege.ca/ssos/find/INT222/current/ce"
          },
          {
            "id": "OOP244",
            "title": "Object Oriented Programming",
            "date": "Sept 2016 - Dec 2016",
            "subtitle": "OOP244 (A)",
            "description": "This subject introduces the student to OOP. The student learns to build reusable objects, encapsulate data and logic within a class, inherit one class from another and implement polymorphism...",
            "button": "Read More",
            "url": "https://ict.senecacollege.ca/course/oop244"
          }
        ]
      },
      {
        "id": 1,
        "title": "1st Semester",
        "timeline": [
          {
            "id": "IPC144",
            "title": "Programming Using C",
            "date": "May 2016 - Aug 2016",
            "subtitle": "IPC144 (A+)",
            "description": "This course covers the fundamental principles of computer programming, with an emphasis on problem solving strategies using structured programming techniques...",
            "button": "Read More",
            "url": "https://ict.senecacollege.ca/course/ipc144"
          },
          {
            "id": "ULI101",
            "title": "Unix/Linux and the Internet",
            "date": "May 2016 - Aug 2016",
            "subtitle": "ULI101 (A)",
            "description": "This subject introduces students to Unix, Linux and the Internet. Students will learn the core utilities to work productively in a Linux environment...",
            "button": "Read More",
            "url": "https://ict.senecacollege.ca/course/uli101"
          },
          {
            "id": "IOS110",
            "title": "Operating Systems Using Windows",
            "date": "May 2016 - Aug 2016",
            "subtitle": "IOS110 (A+)",
            "description": "This course provides a technical foundation of operating system installation, configuration, administration and troubleshooting.",
            "button": "Read More",
            "url": "https://www.senecacollege.ca/ssos/find/IOS110/current/ce"
          }
        ]
      }
    ],

    "contact": {
      "title": "Contact Information",
      "info": [
        [
          {
            "id": 10,
            "option": "Email",
            "detail": "makwanavishal8306@gmail.com"
          },
          { "id": 11, "option": "Instagram", "detail": "@vishalmakwana23" },
          { "id": 12, "option": "Discord", "detail": "discord#1234" }
        ],
        [
          { "id": 20, "option": "Mobile", "detail": "+91 8306590598" },
          { "id": 21, "option": "Home", "detail": "N/A" },
          { "id": 22, "option": "Office", "detail": "N/A" }
        ]
      ],
      "form": { "title": "Get in touch" }
    },

    "blog": {
      "title": "Posts",
      "message": "Read More",
      "posts": [
        {
          "id": 1,
          "title": "Fancybox",
          "overview": "JavaScript lightbox library for presenting various types of media.",
          "url": "https://fancyapps.com/fancybox/3/",
          "image": "/images/blog/fancybox.png"
        },
        {
          "id": 2,
          "title": "Animejs",
          "overview": "A JavaScript animation library with a simple, yet powerful API.",
          "url": "https://animejs.com/",
          "image": "/images/blog/animejs.png"
        },
        {
          "id": 3,
          "title": "Typed",
          "overview": "A JavaScript Typing Animation. Typed.js is a library that types.",
          "url": "https://www.npmjs.com/package/react-typed",
          "image": "/images/blog/typedjs.gif"
        },
        {
          "id": 4,
          "title": "Swiper",
          "overview": "Modern mobile touch slider with transitions and amazing behavior.",
          "url": "https://swiperjs.com/",
          "image": "/images/blog/swiperjs.png"
        },
        {
          "id": 5,
          "title": "Formik",
          "overview": "Formik makes debugging, testing, and reasoning about your forms a breeze.",
          "url": "https://formik.org/",
          "image": "/images/blog/formik.jpeg"
        },
        {
          "id": 6,
          "title": "Yup",
          "overview": "A JavaScript schema builder for value parsing and validation.",
          "url": "https://www.npmjs.com/package/yup",
          "image": "/images/blog/yup.jpg"
        },
        {
          "id": 7,
          "title": "EmailJS",
          "overview": "EmailJS helps to send emails using client-side technologies...",
          "url": "https://www.emailjs.com/",
          "image": "/images/blog/emailjs.png"
        },
        {
          "id": 8,
          "title": "Smooth Scrollbar",
          "overview": "Customizable, Pluginable, and High Performance Scrollbars!",
          "url": "https://www.npmjs.com/package/react-smooth-scrollbar",
          "image": "/images/blog/smooth-scrollbar.png"
        },
        {
          "id": 9,
          "title": "Arter - CV Resume Portfolio",
          "overview": "Arter is an modern and unique creative HTML Template.",
          "url": "https://themeforest.net/item/arter-cv-resume-portfolio-web-app-template/27008333",
          "image": "/images/blog/arter.jfif"
        }
      ]
    },

    "hobbies": {
      "title": "My Hobbies",
      "hobbies": [
        {
          "id": 0,
          "title": "Reading",
          "image": "/images/bitmoji/reading.png",
          "fancybox": "/images/bitmoji/reading.png"
        },
        {
          "id": 1,
          "title": "Programming",
          "image": "/images/bitmoji/asdfghjkl_circle.png",
          "fancybox": "/images/bitmoji/asdfghjkl.png"
        },
        {
          "id": 2,
          "title": "Listening to Music",
          "image": "/images/bitmoji/music_circle.png",
          "fancybox": "/images/bitmoji/music.png"
        },
        {
          "id": 3,
          "title": "Cooking",
          "image": "/images/bitmoji/cooking_circle.png",
          "fancybox": "/images/bitmoji/cooking.png"
        },
        {
          "id": 4,
          "title": "Baking",
          "image": "/images/bitmoji/baking_circle.png",
          "fancybox": "/images/bitmoji/baking.png"
        },
        {
          "id": 5,
          "title": "Cats",
          "image": "/images/bitmoji/cats_circle.png",
          "fancybox": "/images/bitmoji/cats.png"
        },
        {
          "id": 6,
          "title": "Dogs",
          "image": "/images/bitmoji/dogs_circle.png",
          "fancybox": "/images/bitmoji/dogs.png"
        },
        {
          "id": 7,
          "title": "Gaming",
          "image": "/images/bitmoji/gaming_circle.png",
          "fancybox": "/images/bitmoji/gaming.png"
        },
        {
          "id": 8,
          "title": "TV Shows",
          "image": "/images/bitmoji/tv.png",
          "fancybox": "/images/bitmoji/tv.png"
        },
        {
          "id": 9,
          "title": "Movies",
          "image": "/images/bitmoji/movie_circle.png",
          "fancybox": "/images/bitmoji/movie.png"
        }
      ]
    },

    "logos": [
      "/images/bitmoji/wear-your-mask.png",
      "/images/bitmoji/dont-touch-your-face.png",
      "/images/bitmoji/wash-your-hands.png",
      "/images/bitmoji/sanitize.png"
    ]
  }
}
